CustomerID,CustomerName,Location
1,Elizabeth Reeves,Asia
2,Brian Cantu,Asia
3,Melissa Fuentes,Asia
4,Jessica Skinner,North America
5,Sheri Aguilar,Europe
6,Timothy Lopez,Asia
7,Cindy Harris,Europe
8,Amy Becker,North America
9,Dr. Tonya Snyder,Europe
10,Donald Jenkins,Europe
11,Amanda Owens,Europe
12,Richard Lynch,North America
13,Vanessa Hodge DDS,Europe
14,Terri Anderson,Asia
15,Tyler Hodge,Asia
16,Denise Barrett,North America
17,Darlene Nelson,Europe
18,Matthew Villanueva,North America
19,Matthew Donovan,Europe
20,Andrew Brock,Asia
21,Joseph Powell,Asia
22,Sean Martinez,Europe
23,Jacob Cox,Asia
24,Christopher Green,North America
25,Kevin Obrien,Asia
26,Jared Thompson,North America
27,Erin Oliver,Asia
28,Sophia Villanueva,Asia
29,Toni Blair,North America
30,Daniel Chandler,Europe
31,John Cochran,Asia
32,Christopher Walls,North America
33,Andrew Wilson,Asia
34,Timothy Kelly,Europe
35,Debra Wright,Europe
36,Nancy Phillips,North America
37,Penny Barrera,North America
38,Christopher Owen,North America
39,Randall Martinez,Europe
40,Angela Harris,Europe
41,Jason Wallace,Asia
42,Todd Harrison,Asia
43,Jessica Taylor,Asia
44,Jason Blake,North America
45,Whitney Clark,Europe
46,Stephanie Bryan,Europe
47,David Lewis,North America
48,Sean Kennedy,North America
49,Jacqueline Martin,Europe
50,Michael Maxwell,North America
